[
    {
        "product_id": 1,
        "sub_category_id": 1,
        "model": "redmi",
        "product_name": "redmi note 6 pro",
        "color": "black",
        "price": "140"
    },
    {
        "product_id": 2,
        "sub_category_id": 1,
        "model": "samsung",
        "product_name": "galaxy 7",
        "color": "red",
        "price": "190"
    },
    {
        "product_id": 3,
        "sub_category_id": 2,
        "model": "Artel",
        "product_name": "Artel 48 2x",
        "color": "black",
        "price": "340"
    },
    {
        "product_id": 4,
        "sub_category_id": 3,
        "model": "hp",
        "product_name": "hp pavilon",
        "color": "silver",
        "price": "640"
    },
    {
        "product_id": 5,
        "sub_category_id": 4,
        "model": "salamandra",
        "product_name": "salamandra 42 x1",
        "color": "black",
        "price": "32"
    },
    {
        "product_id": 6,
        "sub_category_id": 5,
        "model": "polo",
        "product_name": "polo xr13",
        "color": "white",
        "price": "12"
    },
    {
        "product_id": 7,
        "sub_category_id": 1,
        "model": "nokia",
        "product_name": "1202 ",
        "color": "red",
        "price": "20"
    },
    {
        "product_id": 8,
        "sub_category_id": 2,
        "model": "samsung",
        "product_name": "TV",
        "color": "black",
        "price": "930-600"
    },
    {
        "product_id": 9,
        "sub_category_id": 3,
        "model": "acer",
        "product_name": "acer pavilon",
        "color": "black",
        "price": "700"
    }
]