[
    {
        "sub_category_id": 1,
        "category_id": 1,
        "sub_category_name": "smart phones"
    },
    {
        "sub_category_id": 2,
        "category_id": 1,
        "sub_category_name": "televisions"
    },
    {
        "sub_category_id": 3,
        "category_id": 1,
        "sub_category_name": "laptops"
    },
    {
        "sub_category_id": 4,
        "category_id": 2,
        "sub_category_name": "boots"
    },
    {
        "sub_category_id": 5,
        "category_id": 2,
        "sub_category_name": "shirts"
    }
]