[
    {
        "postId": 2,
        "title": "hayr",
        "date": "22/02/2022",
        "dateHour": "10:50",
        "direction": "oymakorlik",
        "internalDirection": "shifokor",
        "postLink": "http://localhost:3000/post",
        "postText": "awd",
        "types": "online",
        "active": false,
        "image": "1672669628365images.jpeg"
    },
    {
        "postId": 3,
        "title": "hayr",
        "date": "22/02/2022",
        "dateHour": "10:10",
        "direction": "oymakorlik",
        "internalDirection": "shifokor",
        "postLink": "http://localhost:3000/post",
        "postText": "awd",
        "types": "offline",
        "active": true,
        "image": "1672669629047images.jpeg"
    },
    {
        "postId": 4,
        "title": "hayr",
        "date": "2020/12/31",
        "dateHour": "10:10",
        "direction": "miditsina",
        "internalDirection": "shifokor",
        "postLink": "http://localhost:3000/post",
        "postText": "awd",
        "types": "offline",
        "active": false,
        "image": "1672733575028images.jpeg"
    }
]