[
    {
        "userId": 1,
        "username": "solixbek",
        "password": 123456789,
        "avatar": "rasm.png"
    },
    {
        "userId": 2,
        "username": "solixbbek",
        "password": 1234567899,
        "avatar": "rasmm.png"
    },
    {
        "userId": 3,
        "username": "solixbbbek",
        "password": 12345678999,
        "avatar": "rasmmm.png"
    },
    {
        "userId": 4,
        "username": "sALOM",
        "password": "1234567",
        "avatar": "1672731029715images.jpeg"
    }
]